,3 Mo,6 Mo,1 Yr,2 Yr,5 Yr,10 Yr
3 Mo,1.0,0.39945664423000143,0.19812971643980093,0.037602042770080196,-0.0014611970435531665,-0.03026520664666855
6 Mo,0.39945664423000143,1.0,0.4306973986902053,0.18768422015642217,0.05733368676760993,0.015267313401839297
1 Yr,0.19812971643980096,0.43069739869020535,0.9999999999999998,0.4677625197605252,0.2141219246286619,0.10264375389276688
2 Yr,0.03760204277008017,0.1876842201564222,0.46776251976052513,1.0000000000000002,0.5403299371193842,0.23418270969497101
5 Yr,-0.001461197043553163,0.05733368676760995,0.2141219246286619,0.5403299371193842,1.0,0.620339601197973
10 Yr,-0.030265206646668544,0.015267313401839299,0.10264375389276682,0.23418270969497107,0.620339601197973,1.0
