,3 Mo,6 Mo,1 Yr,2 Yr,5 Yr,10 Yr,30 Yr
3 Mo,1.0,0.8583550128180812,0.7288874658773743,0.5245634899074652,0.31022255409877286,0.18020798499614687,0.060786977863342306
6 Mo,0.8583550128180811,1.0,0.8856832018140061,0.7015763416458578,0.46660406167531043,0.31455036454807656,0.16200875367169815
1 Yr,0.7288874658773743,0.8856832018140061,0.9999999999999999,0.8642046337480596,0.6546595712395951,0.49053911504479736,0.3141993011447621
2 Yr,0.5245634899074652,0.7015763416458578,0.8642046337480596,1.0,0.8680488196251424,0.7119854642528916,0.52083768353101
5 Yr,0.3102225540987729,0.4666040616753105,0.6546595712395951,0.8680488196251424,0.9999999999999999,0.9285699863827113,0.7838910417955213
10 Yr,0.18020798499614696,0.3145503645480766,0.4905391150447974,0.7119854642528916,0.9285699863827113,1.0000000000000002,0.9229471951241678
30 Yr,0.06078697786334232,0.16200875367169815,0.3141993011447621,0.52083768353101,0.7838910417955213,0.9229471951241679,1.0
