,3 Mo,6 Mo,1 Yr,2 Yr,5 Yr,10 Yr
3 Mo,0.9999999999999998,0.4257183529130096,0.21849954807362595,0.048936592748994985,0.002666917076115859,-0.028411302893195094
6 Mo,0.4257183529130095,1.0000000000000002,0.45823226622156177,0.20954307633374872,0.0721708419342019,0.02545755282034032
1 Yr,0.2184995480736259,0.45823226622156177,1.0,0.49211743995215845,0.23617475133790206,0.12044463880116417
2 Yr,0.04893659274899502,0.20954307633374875,0.49211743995215845,0.9999999999999998,0.5619822440438065,0.2585625825402169
5 Yr,0.0026669170761158727,0.07217084193420192,0.2361747513379021,0.5619822440438065,1.0,0.6387496756383346
10 Yr,-0.028411302893195097,0.025457552820340294,0.12044463880116416,0.25856258254021686,0.6387496756383345,1.0
