,3 Mo,6 Mo,1 Yr,2 Yr,5 Yr,10 Yr,30 Yr
3 Mo,0.0015629483057786762,0.0012189625077650998,0.001047789004179353,0.0008165985372695616,0.0004989648900049365,0.00027802957298146317,8.677867715200003e-05
6 Mo,0.0012189625077650996,0.0012903341350025872,0.001156832679107843,0.000992348595315601,0.0006819050696681187,0.0004409465419823642,0.0002101453286815362
1 Yr,0.001047789004179353,0.001156832679107843,0.0013221541571526855,0.0012373594191624376,0.0009684581990642483,0.0006960803046630761,0.0004125498451638711
2 Yr,0.0008165985372695616,0.000992348595315601,0.0012373594191624376,0.00155051674648559,0.0013906143051075522,0.0010940924293748808,0.0007405779813448654
5 Yr,0.0004989648900049366,0.0006819050696681188,0.0009684581990642483,0.0013906143051075522,0.001655192928685111,0.0014742923373523183,0.0011516225993339576
10 Yr,0.0002780295729814633,0.0004409465419823643,0.0006960803046630762,0.0010940924293748808,0.0014742923373523183,0.0015229628516612867,0.001300623736464127
30 Yr,8.677867715200004e-05,0.0002101453286815362,0.0004125498451638711,0.0007405779813448655,0.0011516225993339576,0.0013006237364641272,0.001303948180238711
