,3 Mo,6 Mo,1 Yr,2 Yr,5 Yr,10 Yr,30 Yr
3 Mo,0.9999999999999999,0.4955764869047817,0.2939946074911431,0.09375069931687292,0.0045400720634135375,-0.039945332696549936,-0.044705816386175455
6 Mo,0.4955764869047817,1.0,0.5306401473512488,0.261122377716609,0.053609393978489336,-0.009787451274919461,-0.05623093005076956
1 Yr,0.2939946074911431,0.5306401473512488,0.9999999999999999,0.5161173270688049,0.21702717607137106,0.08652177025870289,0.0040843909362744376
2 Yr,0.09375069931687299,0.261122377716609,0.5161173270688049,0.9999999999999998,0.5571392311439912,0.25846412587230005,0.06448464794784049
5 Yr,0.004540072063413568,0.0536093939784894,0.21702717607137115,0.5571392311439913,1.0000000000000002,0.6316569306857093,0.30657257657923703
10 Yr,-0.03994533269654991,-0.009787451274919397,0.0865217702587029,0.2584641258723001,0.6316569306857093,1.0,0.6393959709351338
30 Yr,-0.04470581638617545,-0.05623093005076957,0.004084390936274429,0.06448464794784045,0.30657257657923703,0.6393959709351338,1.0
