,3 Mo,6 Mo,1 Yr,2 Yr,5 Yr,10 Yr
3 Mo,0.0005365951710368787,0.00017204861594081038,9.57610334745268e-05,2.6180736720709472e-05,1.5071182643808365e-06,-1.7054127933143462e-05
6 Mo,0.00017204861594081035,0.0003043763186491099,0.0001512536967683413,8.443130481370472e-05,3.071720121377338e-05,1.1508986216409608e-05
1 Yr,9.576103347452677e-05,0.0001512536967683413,0.000357956128865102,0.0002150346333919337,0.00010900911378339086,5.904965455640533e-05
2 Yr,2.618073672070949e-05,8.443130481370473e-05,0.0002150346333919337,0.0005333957005977542,0.00031663709348491744,0.0001547410069539249
5 Yr,1.5071182643808443e-06,3.07172012137734e-05,0.00010900911378339088,0.00031663709348491744,0.0005951533488081133,0.0004037942402048761
10 Yr,-1.7054127933143466e-05,1.1508986216409596e-05,5.9049654556405324e-05,0.00015474100695392486,0.000403794240204876,0.0006714751930623528
