,3 Mo,6 Mo,1 Yr,2 Yr,5 Yr,10 Yr
3 Mo,0.0004636119413662411,0.0001392089887457407,7.494534593771681e-05,1.7352688841388595e-05,-7.089811144441611e-07,-1.5648019602476163e-05
6 Mo,0.0001392089887457407,0.00026196341607959275,0.00012246452858673252,6.510676490011845e-05,2.0911190915863766e-05,5.933642468706486e-06
1 Yr,7.494534593771682e-05,0.00012246452858673254,0.00030862811587250894,0.00017612507761832153,8.476712569817315e-05,4.330008028149173e-05
2 Yr,1.7352688841388585e-05,6.510676490011846e-05,0.0001761250776183215,0.0004593630586103437,0.0002609670275648212,0.00012052337686382752
5 Yr,-7.089811144441594e-07,2.0911190915863773e-05,8.476712569817315e-05,0.0002609670275648212,0.0005078052075091224,0.00033567307939924167
10 Yr,-1.564801960247616e-05,5.933642468706487e-06,4.330008028149171e-05,0.00012052337686382755,0.00033567307939924167,0.0005766029529326276
