,3 Mo,6 Mo,1 Yr,2 Yr,5 Yr,10 Yr,30 Yr
3 Mo,0.018612922145289885,0.016945490109946768,0.015293576189384248,0.012249435007552465,0.007556739136681804,0.0044192103886291625,0.0019522682140033424
6 Mo,0.016945490109946768,0.017771627026123147,0.016728901967582335,0.014336725335312791,0.009751886665288586,0.00636314153285549,0.0033924061716796637
1 Yr,0.015293576189384248,0.01672890196758233,0.01773769510104097,0.016467899161174575,0.012496642708669977,0.008899924301400937,0.005503625496916741
2 Yr,0.012249435007552465,0.014336725335312791,0.016467899161174575,0.018523271640473925,0.016279729465348676,0.01263031528509908,0.00859708799905827
5 Yr,0.007556739136681802,0.009751886665288584,0.012496642708669977,0.016279729465348673,0.018326837276194812,0.016271817771849082,0.012565550258195437
10 Yr,0.0044192103886291625,0.006363141532855489,0.008899924301400939,0.01263031528509908,0.016271817771849082,0.01653667182537555,0.014025492355816049
30 Yr,0.0019522682140033418,0.003392406171679663,0.005503625496916741,0.008597087999058268,0.012565550258195437,0.014025492355816047,0.01365951290281412
