,3 Mo,6 Mo,1 Yr,2 Yr,5 Yr,10 Yr,30 Yr
3 Mo,0.9999999999999998,0.9317153679281115,0.8416919584018462,0.659705233794376,0.4091507843756436,0.25189140194341103,0.12243754038841433
6 Mo,0.9317153679281115,0.9999999999999998,0.9422263565327094,0.7901827091692651,0.5403576302479774,0.37117945882383574,0.21773419659776977
1 Yr,0.8416919584018462,0.9422263565327093,1.0,0.9085121892360815,0.6931081387071005,0.51965327198598,0.35357591579218295
2 Yr,0.659705233794376,0.7901827091692651,0.9085121892360815,1.0,0.8835773487956685,0.7216577668540328,0.5404741385584294
5 Yr,0.40915078437564356,0.5403576302479774,0.6931081387071005,0.8835773487956684,1.0000000000000002,0.9346914201156395,0.7941821895769534
10 Yr,0.25189140194341103,0.3711794588238357,0.5196532719859801,0.7216577668540328,0.9346914201156395,1.0000000000000002,0.9332037075957804
30 Yr,0.12243754038841428,0.2177341965977697,0.35357591579218295,0.5404741385584293,0.7941821895769534,0.9332037075957803,0.9999999999999999
