,3 Mo,6 Mo,1 Yr,2 Yr,5 Yr,10 Yr,30 Yr
3 Mo,0.0007580130005551262,0.0002983287929246311,0.0001774409873258517,6.189580164620146e-05,2.9876032757271165e-06,-2.5391404657815565e-05,-2.966708975580101e-05
6 Mo,0.0002983287929246311,0.00047807089240225825,0.00025434459305095,0.00013691107858183278,2.801617892904043e-05,-4.940809634362461e-06,-2.9634254495182548e-05
1 Yr,0.0001774409873258517,0.00025434459305095,0.0004805654091777481,0.00027131452344161306,0.0001137135522821457,4.379091374754119e-05,2.158122764380767e-06
2 Yr,6.18958016462015e-05,0.00013691107858183275,0.00027131452344161306,0.000575038202751911,0.00031932575159369404,0.00014309714821098923,3.72715342577818e-05
5 Yr,2.9876032757271364e-06,2.8016178929040462e-05,0.00011371355228214574,0.0003193257515936941,0.0005712730110778468,0.0003485663640047656,0.00017661506510682724
10 Yr,-2.5391404657815548e-05,-4.940809634362429e-06,4.3790913747541206e-05,0.00014309714821098926,0.0003485663640047656,0.0005330460310980895,0.00035581548185139125
30 Yr,-2.9667089755801006e-05,-2.963425449518255e-05,2.158122764380762e-06,3.7271534257781776e-05,0.00017661506510682724,0.00035581548185139125,0.0005809585889434792
