window_length,log_likelihood
63,168565.40758567586
126,166937.35677582727
189,165828.42223497815
252,164717.3496611177
378,162851.72073247773
504,161622.77562491735
