window_length,oos_log_likelihood
378,76650.02194684593
336,76638.95666510612
357,76606.66519280763
315,76560.54252486139
294,76428.0553530412
273,76413.40105883368
252,76337.44033740892
504,75692.29720986327
63,73959.24490817434
