model,loglik
diagonal,93519.9317694016
static_full,99984.38407586933
rolling_full,105965.88941176169
