model,loglik
diagonal,89621.49662384178
static_full,99612.241914644
rolling_full,107404.48059766642
