model,loglik
diagonal,89841.50726989868
static_full,97605.22514547595
rolling_full,104274.04560576592
