model,loglik
diagonal,49517.273590579796
static_full,53837.97802182915
rolling_full,54195.74370497304
