model,loglik
diagonal,34705.87632059147
static_full,37857.15832681866
rolling_full,39984.608501193645
