model,loglik
diagonal,92964.9046412148
static_full,99380.0922034586
rolling_full,104621.54798350354
