model,loglik
diagonal,30581.600956919014
static_full,32397.650835250985
rolling_full,33719.51745924401
