model,loglik
diagonal,29814.895453439414
static_full,31931.40888452097
rolling_full,33365.47949967128
