model,loglik
diagonal,30595.21651919648
static_full,32411.599751302438
rolling_full,33599.72370357802
