model,loglik
diagonal,91304.81317267235
static_full,101442.91250718992
rolling_full,111128.57800863415
