Q_scale,z_mean,z_std,mean_trace_P
0.1,3.3466613931280005,2.5324818049224875,0.0007031178191249757
0.2,2.6961963348343647,2.0017179063476376,0.0008451044857362248
0.25,2.5069085463449703,1.8483727099957048,0.0008916989665240104
0.3,2.359469565740931,1.729560977965915,0.0009298544981365116
